Report Date,Net Assets,Total Assets,Gross / Net,Effective Duration,Number of Positions,3M KRD,1Y KRD,5Y KRD,10Y KRD,30Y KRD,Government Related,Agency MBS,Non-Agency MBS,ABS / CLO,Credit & Loans,Municipal / Other,Cash & Repo,Rate Derivative Notional / NAV,FX Forward USD Notional / NAV,Derivative Count,High Quality Proxy,Spread Risk Proxy,Accession
2019-09-30,2711581715.48,2861070000.14,1.0551295518060895,4.955069473840868,776,0.0071458588835372734,0.8849955446742649,1.4830397082494489,1.4384184974154683,1.1414698646181476,0.05541641896958336,0.45838269462049475,0.11027285806121054,0.06118761741358183,0.29091559034863756,0.017700701598261294,0.006124118988230762,0.021939570236948956,0.00014346095409156377,9,0.5137991135900781,0.46237606582342994,0001450011-19-000494
2019-12-31,2909133032.02,3081441746.55,1.05923026297988,5.2920386340909555,805,0.004777069562319163,0.8331657768936765,1.7118229262764646,1.4818712013168476,1.2604016600416477,0.08591961005829228,0.42796914523747254,0.10293358892253335,0.05862445691093408,0.29778803893379163,0.01869574942321324,0.008069410513762816,0.0,0.0001343837891554051,9,0.5138887552957648,0.459346084767259,0001450011-20-000252
2020-03-31,2963128644.42,4124538584.36,1.3919539376486751,5.543797771583217,872,0.02903844144668997,0.8001050879868432,1.3969840453991664,1.6239785053955724,1.6936916913549465,0.0897368590271041,0.4070224474064037,0.08552636023326546,0.0463160435776979,0.2676611266864867,0.017856985503215034,0.08588017756582704,0.06881240218306862,0.00013304270496064297,20,0.4967593064335078,0.39950353049745,0001450011-20-000483
2020-06-30,3389616875.68,4769950766.94,1.4072241618702372,5.7014625232307425,946,0.038857025233442415,0.7267261265820275,1.7193132480882127,1.654886597820787,1.5616795255062734,0.09767399451114156,0.42291974010058797,0.10415896330105123,0.04569813194861392,0.29055386055894805,0.016383364081696047,0.022611945497961198,0.05276499260528369,0.00011615575578022047,9,0.5205937346117295,0.4404109558086132,0001450011-20-000651
2020-09-30,3724381989.92,5151600079.88,1.3832093737491886,5.30981770018837,986,0.029999523032920684,0.7927645967145871,1.7099712066905355,1.3394622550564843,1.4376201186938424,0.06410796286905496,0.41820279214435163,0.11077978559792268,0.046575974834785025,0.29896193762574236,0.0154505484929524,0.04592099843519086,0.06429275293406288,0.0016451469630620814,13,0.4823107550134066,0.45631769805845007,0001450011-20-000856
2020-12-31,4126347027.45,6586826731.2,1.5962852099888767,5.396802511283655,1063,0.02500226100317979,0.7479886141295709,1.5649718286614103,1.6883201564932886,1.3705196509962045,0.09298034246730051,0.3746434817222941,0.11816036147675087,0.0586724251092008,0.2994710284172733,0.016574813872867477,0.03949754693431297,0.05997527417196827,0.0006887510917268428,10,0.46762382418959464,0.47630381500322494,0001450011-21-000118
2021-03-31,4144016572.85,6729430704.62,1.6238908764768551,5.890178878433633,1127,0.028117644705717166,0.5901576780707831,2.5114382161634072,1.7540200893262945,1.0064452501674315,0.1782737898684013,0.3076802232751702,0.11779882950974732,0.08187049163498855,0.29910636555090936,0.015270300160783198,0.0,0.33410947241646477,0.0011944115915047914,40,0.4859540131435715,0.4987756866956452,0001450011-21-000346
2021-06-30,4282889290.08,6132654819.69,1.431896648343074,5.8785110289530085,1119,0.039179341550728164,0.6183672490984539,2.1467311243313185,1.8597822411658036,1.2144510728067044,0.20542827100179864,0.24749907478686178,0.12355343573611044,0.08033843931649076,0.31867746212662573,0.016291942426118224,0.008211374605994404,0.3434702979638594,0.0007580632932819413,28,0.45292734578866045,0.5225693371792269,0001450011-21-000550
2021-09-30,4303600598.09,6125266620.86,1.4232888208953407,5.823664675477367,1180,0.029310681085503942,0.6116587822062921,2.2939957259931445,1.7785122988125244,1.1101871873799016,0.223328583581459,0.20250712944327048,0.11913978313065395,0.08666885032404088,0.34189531509056126,0.01580603962244301,0.010654298807571391,0.3708543987581775,0.0015857373063450076,50,0.42583571302472945,0.5477039485452561,0001450011-21-000688
2021-12-31,4387534992.14,5947064097.93,1.355445394414814,5.866513745631841,1218,0.009934166974869159,0.6049741541925242,2.250232046968702,1.894859213495412,1.1065141640003329,0.2545570597086583,0.19040822169206403,0.1179674265093902,0.08279634136752423,0.3333465353852392,0.018926027570772042,0.001998387766352062,0.3540504382307688,0.008137325141328644,78,0.44496528140072233,0.5341103032621536,0001450011-22-000127
2022-03-31,3888842245.08,5370246002.66,1.3809369638108129,6.289068387575305,1278,0.0074177076651785285,0.6538042109387998,2.5993073011584853,2.1671023291474842,0.8614368386653559,0.22326053611675586,0.19855577956147688,0.12128607965940927,0.08745084580561223,0.3513384403479916,0.017264404140683594,0.0008439143680704185,0.20559061830587388,0.010134192663603216,108,0.42181631567823274,0.5600753658130131,0001450011-22-000244
2022-06-30,3224891446.44,4642678439.63,1.4396386721032466,6.170121807093889,1203,-0.00012432722361635005,0.6079735857913562,2.6970833500245774,2.2802144848247723,0.5849747136767999,0.1379879862105583,0.2527717860771448,0.130039297671412,0.09698915146481014,0.34735577279396024,0.017334313888659116,0.01752169189345543,0.2094482346981433,0.00962736312078765,66,0.3907597722877031,0.5743842219301825,0001450011-22-000464
2022-09-30,3030847458.04,4529475182.0,1.4944583139559053,6.204563601538345,1181,0.005754241083211199,0.6546134987252188,2.6162188644385913,2.4902555095599896,0.43772148773133374,0.11288226498462492,0.2858722218783633,0.13236876616072232,0.09987939517838172,0.34926015575561864,0.016874754861782422,0.0028624411805066637,0.18700998672382527,0.009301673215263456,54,0.3987544868629882,0.5815083170947226,0001450011-22-000660
2022-12-31,3211862478.61,4709751572.84,1.466361528304986,6.040540542625084,1126,0.00765243261306657,0.4766675316629895,2.83819488432926,2.30709144368686,0.4109342503329092,0.12093418839361347,0.3002339498619108,0.12720594837619872,0.0958795500548124,0.2934492630010317,0.016513900597588033,0.04578319971484484,0.16424443773455075,0.0017275258006691685,42,0.4211681382555243,0.5165347614320428,0001450011-23-000110
2023-03-31,3279200553.43,4496825525.52,1.3713176282604556,5.885136950051432,1060,0.0052271835499877435,0.44056431608882973,2.8436235325852124,2.1350281034494376,0.4606938143779649,0.1514305109588571,0.32680811842308055,0.1326789204203648,0.08873600322571383,0.26504594375935076,0.01753791106446189,0.017762592148171077,0.040305865080972524,0.0016005913711224437,40,0.4782386293819376,0.4864608674054294,0001450011-23-000364
2023-06-30,3478839020.79,4363029742.19,1.254162585884532,6.192335134124159,1030,0.0026383741027245595,0.3711696406052086,3.1910923032906067,2.231370692003799,0.3960641241218197,0.17426784341823284,0.37272113564263415,0.129662315572645,0.07996130395493169,0.22415700946454212,0.018876745819503393,0.00035364612751073016,0.0,0.0015074196904946576,36,0.546988979060867,0.4337806289921188,0001450011-23-000619
2023-09-30,3561300465.17,6766051796.86,1.8998823219306826,6.310351538998055,1058,0.0701595605913226,0.30569778772317974,3.415821244158715,2.2388567058155804,0.27981624070925765,0.1256418933476108,0.37292265667934993,0.11224153576506261,0.09420422288409326,0.17389064524416314,0.016863384446993084,0.1042356616327273,0.003313396360516501,0.0011723282016870497,62,0.49856455002696076,0.380336403893319,0001450011-23-000839
2023-12-31,3983266945.61,4839560935.32,1.2149727852545082,5.762744931227481,1107,-0.06937950910736125,0.454394860179982,2.9556876135267482,2.066705000447644,0.3553369661804688,0.10770880304220869,0.42857133425625266,0.1277577454907262,0.09959145865598312,0.2083009132877393,0.020688413075239966,0.007381332191850091,0.02880168627072293,0.00041813526252254166,83,0.5362801372984614,0.4356501174344486,0001450011-24-000262
2024-03-31,4182099981.11,6357309014.72,1.5201236324896907,5.62831523139305,1164,-0.03487304811189399,0.4404565494536774,3.167813628296788,1.8399880046214516,0.21493009713302633,0.10993357060317921,0.46570233304413355,0.10384891732190368,0.09611554795740196,0.19174859115476453,0.021501056394651094,0.011149983523966059,0.09787435233228436,0.0003230672906202006,80,0.5756359036473128,0.3917130564340702,0001450011-24-000514
2024-06-30,4326762693.89,7149952770.54,1.6524947810603856,5.860554117106534,1205,0.014275156459868064,0.44517812699551057,3.383341386688994,1.8812829351294533,0.13647651183270842,0.11018593592646488,0.467638511851226,0.10118655446135602,0.08807098585471165,0.1990566018967256,0.020866761240133723,0.012994648769382175,0.20501990727447833,0.0003120990739582102,84,0.5778244477776909,0.38831414221279326,0001450011-24-000677
2024-09-30,4964859240.69,8834678587.72,1.7794419054853579,5.57763378816988,1259,0.011126236181536317,0.25200955534765845,3.04883198867614,1.9714631160881997,0.2942028918763466,0.10512893494411922,0.498352329234467,0.08640870092969247,0.07043315024148264,0.19193344937280502,0.024955842753828957,0.022787592523604846,0.47670290105567525,0.0039616025624256155,60,0.6034812641785862,0.3487753005439801,0001450011-24-000845
2024-12-31,5051397397.45,8891605860.85,1.7602269552853986,6.520633185592884,1273,0.010173404669357866,0.43038039666161887,3.307425886235745,2.4477576538982624,0.32489584412790107,0.12727411583338002,0.46873596269594864,0.09226951576195162,0.07080755735068425,0.19550358409841898,0.026446553706538874,0.018962710553077536,0.42171174443043524,0.004785198254685378,59,0.5960100785293286,0.3585806572110548,0001450011-25-000124
2025-03-31,5533191058.02,9968302632.16,1.8015467977943025,6.269314717233575,1575,0.004922959233536291,0.6061142493821831,3.3311229997117833,2.0486488345346103,0.2785056743714614,0.12506252829480893,0.4667533571223109,0.08166630325521068,0.07521933718965398,0.1953236132144567,0.05162906281926588,0.004345798104292889,0.5569016476077848,0.12061443421019633,318,0.5918158854171198,0.3522092536593214,0001450011-25-000314
2025-06-30,5670440612.36,10258587275.15,1.80913406495945,6.3062719224277695,1536,0.005973713444095492,0.5324534937988549,3.2504176381364154,2.1946040043439825,0.3228230727044221,0.12698089104791394,0.47388910720015776,0.07566117827745694,0.07033403397229472,0.2052858006465468,0.04784898885562978,0.0,0.6291164075352664,0.10216128163079365,268,0.6008699982480716,0.35128101289629843,0001450011-25-000509
2025-09-30,5960311683.27,10240123058.25,1.71805160575629,6.461116085377627,1634,0.010051667381449934,0.5766264966439526,3.055779669605734,2.385665856626624,0.43299239511986637,0.1300026958563845,0.47657649567827604,0.07397817050642089,0.07418188141421368,0.2069872225873635,0.03781176144661987,0.0004617725107215592,0.5876850045463176,0.1337015138582142,320,0.6065791915346606,0.3551472745079981,0001099263-25-004548
2025-12-31,6847333359.58,13153433609.36,1.9209570965253548,6.241161926099255,1744,0.01065613770328769,0.5918031582631399,3.1454834146896427,2.154598952898787,0.3386202625443988,0.11727211835098961,0.4830541823465251,0.07868002380689482,0.08344795876325364,0.1968759148833785,0.03532511887791995,0.0053446829710383165,0.5444916554316389,0.10600846921735435,327,0.6003263006975147,0.35900389745352695,0001099263-26-003084
2026-03-31,7740454015.03,15446227533.65,1.9955195785230868,6.531115378635071,1944,0.009049157627445518,0.6593787779178762,3.2555398664483035,2.313050886827161,0.29409668981428305,0.134003374284497,0.43461941772503343,0.07715374527628627,0.09292990291900945,0.21450314664587247,0.03822151353910286,0.008568899610198464,0.6122015929361003,0.21650421817453366,418,0.5686227920095304,0.3845867948411682,0001099263-26-007309
